job_role,skills
Data Scientist,Python SQL Machine_Learning Data_Analysis Statistics TensorFlow NumPy Pandas
DevOps Engineer,AWS Docker Kubernetes CI_CD Linux Automation Shell_Scripting Git
Backend Developer,Java Python SQL APIs REST Node.js Databases Git
Frontend Developer,HTML CSS JavaScript React TypeScript UI_Design Git
Cloud Architect,AWS Azure Cloud Docker Kubernetes Networking Security Automation
Machine Learning Engineer,Python TensorFlow PyTorch Deep_Learning Machine_Learning NumPy Statistics
Data Engineer,Python SQL Spark Hadoop ETL Data_Pipelines AWS Databases
Cybersecurity Analyst,Networking Security Linux Firewalls Cryptography Penetration_Testing Python
Mobile Developer,Java Kotlin Swift iOS Android React_Native APIs
Full Stack Developer,HTML CSS JavaScript Python Node.js SQL React APIs Git
System Administrator,Linux Networking Shell_Scripting Automation AWS Docker Security
Database Administrator,SQL Databases MySQL PostgreSQL Oracle Performance_Tuning Backup_Recovery